token_id,timestamp,open_price,high_price,low_price,close_price
ADA,2025-08-25T08:00:00.000Z,0.45,0.45,0.431496,0.440548
ALGO,2025-08-25T08:00:00.000Z,0.18,0.197949,0.18,0.197949
ATOM,2025-08-25T08:00:00.000Z,10.3,10.42257,9.873348,9.873348
AVAX,2025-08-25T08:00:00.000Z,36,36,34.014167,34.014167
BTC,2025-08-25T08:00:00.000Z,43000,44319.187637,42842.770185,44319.187637
DOT,2025-08-25T08:00:00.000Z,7.2,7.439498,7.172026,7.172026
ETH,2025-08-25T08:00:00.000Z,2600,2741.621865,2600,2741.621865
LINK,2025-08-25T08:00:00.000Z,14.5,15.059256,14.5,15.007442
MATIC,2025-08-25T08:00:00.000Z,0.85,0.914964,0.85,0.906841
SOL,2025-08-25T08:00:00.000Z,98,98,93.629962,96.699038
ADA,2025-08-25T08:15:00.000Z,0.440548,0.441078,0.431962,0.431962
ALGO,2025-08-25T08:15:00.000Z,0.197949,0.213297,0.197032,0.213297
ATOM,2025-08-25T08:15:00.000Z,9.873348,10.275698,9.86056,10.275698
AVAX,2025-08-25T08:15:00.000Z,34.014167,34.014167,32.895543,32.895543
BTC,2025-08-25T08:15:00.000Z,44319.187637,44883.665897,43791.450319,43798.467019
DOT,2025-08-25T08:15:00.000Z,7.172026,7.252292,7.043229,7.172579
ETH,2025-08-25T08:15:00.000Z,2741.621865,2741.621865,2644.139486,2713.410214
LINK,2025-08-25T08:15:00.000Z,15.007442,15.007442,14.509844,14.509844
MATIC,2025-08-25T08:15:00.000Z,0.906841,0.924066,0.901819,0.918335
SOL,2025-08-25T08:15:00.000Z,96.699038,96.699038,90.280164,92.040675
ADA,2025-08-25T08:30:00.000Z,0.431962,0.436537,0.425196,0.429409
ALGO,2025-08-25T08:30:00.000Z,0.213297,0.221899,0.213297,0.215729
ATOM,2025-08-25T08:30:00.000Z,10.275698,10.529716,10.113228,10.113228
AVAX,2025-08-25T08:30:00.000Z,32.895543,33.491218,32.64703,32.848621
BTC,2025-08-25T08:30:00.000Z,43798.467019,44449.704566,42887.630645,44449.704566
DOT,2025-08-25T08:30:00.000Z,7.172579,7.268219,7.069049,7.132784
ETH,2025-08-25T08:30:00.000Z,2713.410214,2765.926092,2665.995633,2765.926092
LINK,2025-08-25T08:30:00.000Z,14.509844,14.565358,14.08905,14.565358
MATIC,2025-08-25T08:30:00.000Z,0.918335,0.970387,0.918335,0.970387
SOL,2025-08-25T08:30:00.000Z,92.040675,92.040675,85.364356,86.014193
ADA,2025-08-25T08:45:00.000Z,0.429409,0.43539,0.421968,0.434404
ALGO,2025-08-25T08:45:00.000Z,0.215729,0.238925,0.215729,0.238925
ATOM,2025-08-25T08:45:00.000Z,10.113228,10.337551,10.091216,10.091216
AVAX,2025-08-25T08:45:00.000Z,32.848621,32.848621,30.076238,30.076238
BTC,2025-08-25T08:45:00.000Z,44449.704566,44863.97213,43849.011103,43849.011103
DOT,2025-08-25T08:45:00.000Z,7.132784,7.326443,7.122784,7.326443
ETH,2025-08-25T08:45:00.000Z,2765.926092,2865.73388,2765.926092,2805.488907
LINK,2025-08-25T08:45:00.000Z,14.565358,15.211134,14.516928,15.211134
MATIC,2025-08-25T08:45:00.000Z,0.970387,0.99976,0.967115,0.970421
SOL,2025-08-25T08:45:00.000Z,86.014193,86.331759,81.978064,81.978064
ADA,2025-08-25T09:00:00.000Z,0.434404,0.444543,0.429781,0.429781
ALGO,2025-08-25T09:00:00.000Z,0.238925,0.253547,0.238925,0.253547
ATOM,2025-08-25T09:00:00.000Z,10.091216,10.755951,10.091216,10.634831
AVAX,2025-08-25T09:00:00.000Z,30.076238,30.076238,27.966341,28.520645
BTC,2025-08-25T09:00:00.000Z,43849.011103,43851.51029,43105.054552,43456.31653
DOT,2025-08-25T09:00:00.000Z,7.326443,7.562695,7.326443,7.535989
ETH,2025-08-25T09:00:00.000Z,2805.488907,2836.739857,2757.804005,2757.804005
LINK,2025-08-25T09:00:00.000Z,15.211134,15.452795,15.211134,15.296419
MATIC,2025-08-25T09:00:00.000Z,0.970421,0.970421,0.879938,0.916792
SOL,2025-08-25T09:00:00.000Z,81.978064,84.693169,81.978064,84.693169
ADA,2025-08-25T09:15:00.000Z,0.429781,0.429781,0.410338,0.410338
ALGO,2025-08-25T09:15:00.000Z,0.253547,0.255749,0.246227,0.250015
ATOM,2025-08-25T09:15:00.000Z,10.634831,10.634831,9.931618,9.931618
AVAX,2025-08-25T09:15:00.000Z,28.520645,28.520645,27.630679,27.710249
BTC,2025-08-25T09:15:00.000Z,43456.31653,46086.007094,43456.31653,46086.007094
DOT,2025-08-25T09:15:00.000Z,7.535989,7.958608,7.535989,7.877442
ETH,2025-08-25T09:15:00.000Z,2757.804005,2792.736567,2719.648171,2719.648171
LINK,2025-08-25T09:15:00.000Z,15.296419,15.296419,14.637122,14.637122
MATIC,2025-08-25T09:15:00.000Z,0.916792,0.924568,0.878997,0.892219
SOL,2025-08-25T09:15:00.000Z,84.693169,85.772515,84.665399,84.665399
ADA,2025-08-25T09:30:00.000Z,0.410338,0.413266,0.394925,0.413266
ALGO,2025-08-25T09:30:00.000Z,0.250015,0.250015,0.238107,0.238107
ATOM,2025-08-25T09:30:00.000Z,9.931618,10.13103,9.777951,10.13103
AVAX,2025-08-25T09:30:00.000Z,27.710249,27.79234,26.841313,27.02036
BTC,2025-08-25T09:30:00.000Z,46086.007094,46538.907125,45380.933828,45380.933828
DOT,2025-08-25T09:30:00.000Z,7.877442,8.145313,7.877442,8.074375
ETH,2025-08-25T09:30:00.000Z,2719.648171,2816.598991,2719.648171,2751.494988
LINK,2025-08-25T09:30:00.000Z,14.637122,14.637122,13.704227,13.704227
MATIC,2025-08-25T09:30:00.000Z,0.892219,0.892219,0.834601,0.834601
SOL,2025-08-25T09:30:00.000Z,84.665399,84.665399,79.862454,79.862454
ADA,2025-08-25T09:45:00.000Z,0.413266,0.428732,0.412759,0.428732
ALGO,2025-08-25T09:45:00.000Z,0.238107,0.242715,0.227369,0.227369
ATOM,2025-08-25T09:45:00.000Z,10.13103,10.138204,9.449195,9.449195
AVAX,2025-08-25T09:45:00.000Z,27.02036,27.741213,27.02036,27.741213
BTC,2025-08-25T09:45:00.000Z,45380.933828,45854.004416,45380.933828,45804.970011
DOT,2025-08-25T09:45:00.000Z,8.074375,8.622481,8.074375,8.622481
ETH,2025-08-25T09:45:00.000Z,2751.494988,2834.649178,2751.494988,2834.649178
LINK,2025-08-25T09:45:00.000Z,13.704227,13.713762,13.177384,13.713762
MATIC,2025-08-25T09:45:00.000Z,0.834601,0.853585,0.797193,0.797193
SOL,2025-08-25T09:45:00.000Z,79.862454,79.862454,73.188014,73.188014
ADA,2025-08-25T10:00:00.000Z,0.428732,0.428732,0.411933,0.421015
ALGO,2025-08-25T10:00:00.000Z,0.227369,0.23692,0.226965,0.23692
ATOM,2025-08-25T10:00:00.000Z,9.449195,10.102775,9.449195,10.102775
AVAX,2025-08-25T10:00:00.000Z,27.741213,28.243673,27.163524,27.163524
BTC,2025-08-25T10:00:00.000Z,45804.970011,46658.036833,45804.970011,46209.769776
DOT,2025-08-25T10:00:00.000Z,8.622481,8.622481,7.996423,7.996423
ETH,2025-08-25T10:00:00.000Z,2834.649178,2951.752355,2834.649178,2917.125603
LINK,2025-08-25T10:00:00.000Z,13.713762,14.2372,13.713762,14.15946
MATIC,2025-08-25T10:00:00.000Z,0.797193,0.802057,0.771367,0.802057
SOL,2025-08-25T10:00:00.000Z,73.188014,75.255526,72.750017,72.750017
ADA,2025-08-25T10:15:00.000Z,0.421015,0.434148,0.418105,0.434148
ALGO,2025-08-25T10:15:00.000Z,0.23692,0.23692,0.221748,0.223843
ATOM,2025-08-25T10:15:00.000Z,10.102775,10.102775,9.506649,9.751868
AVAX,2025-08-25T10:15:00.000Z,27.163524,28.170943,26.66573,26.66573
BTC,2025-08-25T10:15:00.000Z,46209.769776,47191.080447,46086.62452,46086.62452
DOT,2025-08-25T10:15:00.000Z,7.996423,7.996423,7.644846,7.83097
ETH,2025-08-25T10:15:00.000Z,2917.125603,3003.633492,2917.125603,3003.633492
LINK,2025-08-25T10:15:00.000Z,14.15946,14.801734,14.15946,14.801734
MATIC,2025-08-25T10:15:00.000Z,0.802057,0.802057,0.750613,0.750613
SOL,2025-08-25T10:15:00.000Z,72.750017,77.779187,72.750017,76.470007
ADA,2025-08-25T10:30:00.000Z,0.434148,0.44616,0.434148,0.442528
ALGO,2025-08-25T10:30:00.000Z,0.223843,0.223843,0.203218,0.203218
ATOM,2025-08-25T10:30:00.000Z,9.751868,10.197911,9.751868,10.197911
AVAX,2025-08-25T10:30:00.000Z,26.66573,27.506804,26.66573,26.916427
BTC,2025-08-25T10:30:00.000Z,46086.62452,46086.62452,43568.724484,43568.724484
DOT,2025-08-25T10:30:00.000Z,7.83097,8.098964,7.793512,8.098964
ETH,2025-08-25T10:30:00.000Z,3003.633492,3003.633492,2904.404038,2911.115545
LINK,2025-08-25T10:30:00.000Z,14.801734,14.801734,14.283957,14.283957
MATIC,2025-08-25T10:30:00.000Z,0.750613,0.750613,0.712308,0.712308
SOL,2025-08-25T10:30:00.000Z,76.470007,79.561231,76.470007,79.49759
ADA,2025-08-25T10:45:00.000Z,0.442528,0.459932,0.442528,0.443352
ALGO,2025-08-25T10:45:00.000Z,0.203218,0.203218,0.187488,0.187488
ATOM,2025-08-25T10:45:00.000Z,10.197911,10.482382,10.197911,10.482382
AVAX,2025-08-25T10:45:00.000Z,26.916427,27.759399,26.656055,26.785764
BTC,2025-08-25T10:45:00.000Z,43568.724484,44037.497252,43047.126598,43064.591859
DOT,2025-08-25T10:45:00.000Z,8.098964,8.098964,7.841291,7.990346
ETH,2025-08-25T10:45:00.000Z,2911.115545,2996.297749,2888.283341,2996.297749
LINK,2025-08-25T10:45:00.000Z,14.283957,14.428999,13.774813,14.428999
MATIC,2025-08-25T10:45:00.000Z,0.712308,0.712308,0.69778,0.704976
SOL,2025-08-25T10:45:00.000Z,79.49759,79.49759,74.059746,74.059746
ADA,2025-08-25T11:00:00.000Z,0.443352,0.474576,0.443352,0.474576
ALGO,2025-08-25T11:00:00.000Z,0.187488,0.187488,0.173974,0.17981
ATOM,2025-08-25T11:00:00.000Z,10.482382,10.482382,10.264408,10.264408
AVAX,2025-08-25T11:00:00.000Z,26.785764,29.645975,26.785764,29.645975
BTC,2025-08-25T11:00:00.000Z,43064.591859,43064.591859,42203.518452,42753.00301
DOT,2025-08-25T11:00:00.000Z,7.990346,8.4126,7.967389,8.4126
ETH,2025-08-25T11:00:00.000Z,2996.297749,3064.385432,2996.297749,3029.418802
LINK,2025-08-25T11:00:00.000Z,14.428999,14.566814,14.417493,14.417493
MATIC,2025-08-25T11:00:00.000Z,0.704976,0.753822,0.70473,0.753822
SOL,2025-08-25T11:00:00.000Z,74.059746,76.070987,70.529304,70.529304
ADA,2025-08-25T11:15:00.000Z,0.474576,0.519815,0.474576,0.519815
ALGO,2025-08-25T11:15:00.000Z,0.17981,0.17981,0.169705,0.169705
ATOM,2025-08-25T11:15:00.000Z,10.264408,10.264408,9.783045,9.783045
AVAX,2025-08-25T11:15:00.000Z,29.645975,29.645975,28.176591,28.926609
BTC,2025-08-25T11:15:00.000Z,42753.00301,43075.298369,42378.474479,43075.298369
DOT,2025-08-25T11:15:00.000Z,8.4126,8.570891,8.3365,8.570891
ETH,2025-08-25T11:15:00.000Z,3029.418802,3030.370414,2930.825484,2930.825484
LINK,2025-08-25T11:15:00.000Z,14.417493,14.490889,14.025517,14.490889
MATIC,2025-08-25T11:15:00.000Z,0.753822,0.766796,0.753184,0.766796
SOL,2025-08-25T11:15:00.000Z,70.529304,70.529304,67.392606,69.325068
ADA,2025-08-25T11:30:00.000Z,0.519815,0.528305,0.510083,0.510083
ALGO,2025-08-25T11:30:00.000Z,0.169705,0.174093,0.169705,0.170153
ATOM,2025-08-25T11:30:00.000Z,9.783045,10.626675,9.783045,10.626675
AVAX,2025-08-25T11:30:00.000Z,28.926609,28.926609,27.421239,27.421239
BTC,2025-08-25T11:30:00.000Z,43075.298369,44163.640056,43075.298369,43839.298306
DOT,2025-08-25T11:30:00.000Z,8.570891,8.623835,8.33348,8.478678
ETH,2025-08-25T11:30:00.000Z,2930.825484,2969.66751,2843.360902,2843.360902
LINK,2025-08-25T11:30:00.000Z,14.490889,14.935129,14.490889,14.633392
MATIC,2025-08-25T11:30:00.000Z,0.766796,0.766796,0.702469,0.707878
SOL,2025-08-25T11:30:00.000Z,69.325068,69.325068,66.372863,66.739197
ADA,2025-08-25T11:45:00.000Z,0.510083,0.520307,0.508419,0.51116
ALGO,2025-08-25T11:45:00.000Z,0.170153,0.180914,0.169759,0.180914
ATOM,2025-08-25T11:45:00.000Z,10.626675,10.889649,10.626675,10.830938
AVAX,2025-08-25T11:45:00.000Z,27.421239,27.509755,27.053291,27.195822
BTC,2025-08-25T11:45:00.000Z,43839.298306,43839.298306,43269.579202,43341.649119
DOT,2025-08-25T11:45:00.000Z,8.478678,8.586113,8.301833,8.301833
ETH,2025-08-25T11:45:00.000Z,2843.360902,2953.090148,2843.360902,2889.516405
LINK,2025-08-25T11:45:00.000Z,14.633392,15.196569,14.633392,15.196569
MATIC,2025-08-25T11:45:00.000Z,0.707878,0.729998,0.696188,0.697631
SOL,2025-08-25T11:45:00.000Z,66.739197,67.349411,64.663862,66.750361
ADA,2025-08-25T12:00:00.000Z,0.51116,0.51116,0.481272,0.481272
ALGO,2025-08-25T12:00:00.000Z,0.180914,0.186668,0.176494,0.186668
ATOM,2025-08-25T12:00:00.000Z,10.830938,11.391799,10.830938,11.391799
AVAX,2025-08-25T12:00:00.000Z,27.195822,28.34428,26.908093,28.34428
BTC,2025-08-25T12:00:00.000Z,43341.649119,44397.407333,43341.649119,43389.10487
DOT,2025-08-25T12:00:00.000Z,8.301833,8.383798,8.245573,8.245573
ETH,2025-08-25T12:00:00.000Z,2889.516405,2889.516405,2853.81861,2853.81861
LINK,2025-08-25T12:00:00.000Z,15.196569,15.922016,14.836422,15.922016
MATIC,2025-08-25T12:00:00.000Z,0.697631,0.715427,0.694667,0.694667
SOL,2025-08-25T12:00:00.000Z,66.750361,70.104421,66.750361,69.008315
ADA,2025-08-25T12:15:00.000Z,0.481272,0.483659,0.475598,0.483659
ALGO,2025-08-25T12:15:00.000Z,0.186668,0.191706,0.185366,0.189199
ATOM,2025-08-25T12:15:00.000Z,11.391799,11.391799,10.751508,10.751508
AVAX,2025-08-25T12:15:00.000Z,28.34428,29.332511,27.411296,27.411296
BTC,2025-08-25T12:15:00.000Z,43389.10487,44468.778478,43098.374721,43098.374721
DOT,2025-08-25T12:15:00.000Z,8.245573,8.494674,8.160553,8.494674
ETH,2025-08-25T12:15:00.000Z,2853.81861,2880.273483,2754.58769,2754.58769
LINK,2025-08-25T12:15:00.000Z,15.922016,16.284621,15.6626,15.6626
MATIC,2025-08-25T12:15:00.000Z,0.694667,0.722605,0.694667,0.718421
SOL,2025-08-25T12:15:00.000Z,69.008315,70.978146,67.48711,70.978146
ADA,2025-08-25T12:30:00.000Z,0.483659,0.488124,0.481728,0.488124
ALGO,2025-08-25T12:30:00.000Z,0.189199,0.199409,0.189199,0.195286
ATOM,2025-08-25T12:30:00.000Z,10.751508,11.1193,10.626332,11.1193
AVAX,2025-08-25T12:30:00.000Z,27.411296,28.091095,27.411296,27.477431
BTC,2025-08-25T12:30:00.000Z,43098.374721,44283.980427,43098.374721,44283.980427
DOT,2025-08-25T12:30:00.000Z,8.494674,8.594569,8.390857,8.390857
ETH,2025-08-25T12:30:00.000Z,2754.58769,2807.554583,2740.981087,2740.981087
LINK,2025-08-25T12:30:00.000Z,15.6626,15.973349,15.6626,15.876796
MATIC,2025-08-25T12:30:00.000Z,0.718421,0.718421,0.683236,0.708618
SOL,2025-08-25T12:30:00.000Z,70.978146,71.600814,69.387602,69.387602
ADA,2025-08-25T12:45:00.000Z,0.488124,0.498756,0.481388,0.481388
ALGO,2025-08-25T12:45:00.000Z,0.195286,0.195286,0.175809,0.175809
ATOM,2025-08-25T12:45:00.000Z,11.1193,11.1193,10.878848,11.109634
AVAX,2025-08-25T12:45:00.000Z,27.477431,27.477431,26.054034,26.054034
BTC,2025-08-25T12:45:00.000Z,44283.980427,45515.084668,44283.980427,45515.084668
DOT,2025-08-25T12:45:00.000Z,8.390857,8.39388,8.306206,8.306206
ETH,2025-08-25T12:45:00.000Z,2740.981087,2777.122366,2619.579548,2619.579548
LINK,2025-08-25T12:45:00.000Z,15.876796,16.145285,15.548855,16.145285
MATIC,2025-08-25T12:45:00.000Z,0.708618,0.762247,0.708618,0.762247
SOL,2025-08-25T12:45:00.000Z,69.387602,69.387602,68.298074,68.753772
ADA,2025-08-25T13:00:00.000Z,0.481388,0.499901,0.481388,0.497932
ALGO,2025-08-25T13:00:00.000Z,0.175809,0.180162,0.174687,0.178507
ATOM,2025-08-25T13:00:00.000Z,11.109634,11.109634,10.832872,11.040194
AVAX,2025-08-25T13:00:00.000Z,26.054034,26.276221,25.121568,26.276221
BTC,2025-08-25T13:00:00.000Z,45515.084668,45515.084668,43450.683219,43702.183361
DOT,2025-08-25T13:00:00.000Z,8.306206,8.306206,7.62555,7.62555
ETH,2025-08-25T13:00:00.000Z,2619.579548,2619.579548,2569.843806,2573.986696
LINK,2025-08-25T13:00:00.000Z,16.145285,16.693375,16.076642,16.148042
MATIC,2025-08-25T13:00:00.000Z,0.762247,0.803383,0.739027,0.803383
SOL,2025-08-25T13:00:00.000Z,68.753772,68.753772,66.233737,66.233737
ADA,2025-08-25T13:15:00.000Z,0.497932,0.528134,0.497932,0.528134
ALGO,2025-08-25T13:15:00.000Z,0.178507,0.178507,0.174945,0.174945
ATOM,2025-08-25T13:15:00.000Z,11.040194,11.61462,11.040194,11.61462
AVAX,2025-08-25T13:15:00.000Z,26.276221,26.276221,25.25564,25.407093
BTC,2025-08-25T13:15:00.000Z,43702.183361,44439.985436,43530.880814,43530.880814
DOT,2025-08-25T13:15:00.000Z,7.62555,7.62555,7.256736,7.256736
ETH,2025-08-25T13:15:00.000Z,2573.986696,2588.683664,2534.718144,2534.718144
LINK,2025-08-25T13:15:00.000Z,16.148042,16.148042,15.436431,15.902385
MATIC,2025-08-25T13:15:00.000Z,0.803383,0.803383,0.757765,0.757765
SOL,2025-08-25T13:15:00.000Z,66.233737,66.233737,61.907201,62.576458
ADA,2025-08-25T13:30:00.000Z,0.528134,0.543563,0.520783,0.520783
ALGO,2025-08-25T13:30:00.000Z,0.174945,0.188809,0.174945,0.188809
ATOM,2025-08-25T13:30:00.000Z,11.61462,11.61462,11.445341,11.445341
AVAX,2025-08-25T13:30:00.000Z,25.407093,25.682469,25.407093,25.648825
BTC,2025-08-25T13:30:00.000Z,43530.880814,44143.073917,43287.495031,43973.046709
DOT,2025-08-25T13:30:00.000Z,7.256736,7.256736,6.723898,6.723898
ETH,2025-08-25T13:30:00.000Z,2534.718144,2571.801683,2512.984371,2571.801683
LINK,2025-08-25T13:30:00.000Z,15.902385,16.2724,15.287279,16.2724
MATIC,2025-08-25T13:30:00.000Z,0.757765,0.757765,0.722368,0.722368
SOL,2025-08-25T13:30:00.000Z,62.576458,62.576458,58.158718,59.743885
ADA,2025-08-25T13:45:00.000Z,0.520783,0.540589,0.520783,0.527418
ALGO,2025-08-25T13:45:00.000Z,0.188809,0.196648,0.188809,0.196648
ATOM,2025-08-25T13:45:00.000Z,11.445341,11.835052,11.445341,11.835052
AVAX,2025-08-25T13:45:00.000Z,25.648825,25.648825,24.54863,24.54863
BTC,2025-08-25T13:45:00.000Z,43973.046709,43973.046709,42724.32758,42724.32758
DOT,2025-08-25T13:45:00.000Z,6.723898,6.927643,6.720031,6.927643
ETH,2025-08-25T13:45:00.000Z,2571.801683,2571.801683,2519.357761,2519.357761
LINK,2025-08-25T13:45:00.000Z,16.2724,16.930988,16.2724,16.858823
MATIC,2025-08-25T13:45:00.000Z,0.722368,0.746624,0.696891,0.696891
SOL,2025-08-25T13:45:00.000Z,59.743885,62.277554,59.743885,62.277554
ADA,2025-08-25T14:00:00.000Z,0.527418,0.527418,0.503074,0.503074
ALGO,2025-08-25T14:00:00.000Z,0.196648,0.196648,0.180138,0.180138
ATOM,2025-08-25T14:00:00.000Z,11.835052,12.414873,11.835052,12.414873
AVAX,2025-08-25T14:00:00.000Z,24.54863,25.923337,24.54863,25.343448
BTC,2025-08-25T14:00:00.000Z,42724.32758,44404.892784,42724.32758,44404.892784
DOT,2025-08-25T14:00:00.000Z,6.927643,6.927643,6.495434,6.523223
ETH,2025-08-25T14:00:00.000Z,2519.357761,2574.000002,2519.357761,2543.435596
LINK,2025-08-25T14:00:00.000Z,16.858823,17.428771,16.858823,17.428771
MATIC,2025-08-25T14:00:00.000Z,0.696891,0.730564,0.696891,0.708117
SOL,2025-08-25T14:00:00.000Z,62.277554,64.292166,62.277554,64.208137
ADA,2025-08-25T14:15:00.000Z,0.503074,0.503074,0.490853,0.499801
ALGO,2025-08-25T14:15:00.000Z,0.180138,0.180138,0.171683,0.172441
ATOM,2025-08-25T14:15:00.000Z,12.414873,12.762663,12.364958,12.656191
AVAX,2025-08-25T14:15:00.000Z,25.343448,25.343448,24.311994,24.444187
BTC,2025-08-25T14:15:00.000Z,44404.892784,44404.892784,43948.93306,44140.627968
DOT,2025-08-25T14:15:00.000Z,6.523223,6.523223,5.99978,5.99978
ETH,2025-08-25T14:15:00.000Z,2543.435596,2658.849533,2543.435596,2658.849533
LINK,2025-08-25T14:15:00.000Z,17.428771,17.999749,17.428771,17.71397
MATIC,2025-08-25T14:15:00.000Z,0.708117,0.708117,0.659436,0.659436
SOL,2025-08-25T14:15:00.000Z,64.208137,68.682495,64.208137,68.682495
ADA,2025-08-25T14:30:00.000Z,0.499801,0.499801,0.491007,0.497556
ALGO,2025-08-25T14:30:00.000Z,0.172441,0.187774,0.172441,0.187774
ATOM,2025-08-25T14:30:00.000Z,12.656191,12.656191,12.05341,12.056561
AVAX,2025-08-25T14:30:00.000Z,24.444187,24.799682,23.871578,24.799682
BTC,2025-08-25T14:30:00.000Z,44140.627968,44936.072336,43992.178944,44936.072336
DOT,2025-08-25T14:30:00.000Z,5.99978,6.182495,5.99978,6.119155
ETH,2025-08-25T14:30:00.000Z,2658.849533,2658.849533,2509.21224,2509.21224
LINK,2025-08-25T14:30:00.000Z,17.71397,18.293889,17.329435,17.329435
MATIC,2025-08-25T14:30:00.000Z,0.659436,0.693996,0.648773,0.693996
SOL,2025-08-25T14:30:00.000Z,68.682495,70.413605,67.790748,70.413605
ADA,2025-08-25T14:45:00.000Z,0.497556,0.544987,0.497556,0.544987
ALGO,2025-08-25T14:45:00.000Z,0.187774,0.188092,0.185817,0.188092
ATOM,2025-08-25T14:45:00.000Z,12.056561,12.266506,12.051326,12.266506
AVAX,2025-08-25T14:45:00.000Z,24.799682,24.799682,23.436547,23.436547
BTC,2025-08-25T14:45:00.000Z,44936.072336,45961.596366,44897.647737,44897.647737
DOT,2025-08-25T14:45:00.000Z,6.119155,6.180669,5.957565,6.180669
ETH,2025-08-25T14:45:00.000Z,2509.21224,2509.21224,2438.091179,2438.091179
LINK,2025-08-25T14:45:00.000Z,17.329435,17.910374,17.329435,17.5731
MATIC,2025-08-25T14:45:00.000Z,0.693996,0.696023,0.675122,0.696023
SOL,2025-08-25T14:45:00.000Z,70.413605,70.516377,68.735366,70.516377
ADA,2025-08-25T15:00:00.000Z,0.544987,0.54676,0.52466,0.52466
ALGO,2025-08-25T15:00:00.000Z,0.188092,0.197501,0.188092,0.191124
ATOM,2025-08-25T15:00:00.000Z,12.266506,12.266506,11.426003,11.426003
AVAX,2025-08-25T15:00:00.000Z,23.436547,25.04939,23.436547,25.04939
BTC,2025-08-25T15:00:00.000Z,44897.647737,45223.36146,44697.395996,44697.395996
DOT,2025-08-25T15:00:00.000Z,6.180669,6.180669,5.830967,5.830967
ETH,2025-08-25T15:00:00.000Z,2438.091179,2438.091179,2341.211461,2341.211461
LINK,2025-08-25T15:00:00.000Z,17.5731,18.021084,17.5731,17.883288
MATIC,2025-08-25T15:00:00.000Z,0.696023,0.696023,0.64067,0.64067
SOL,2025-08-25T15:00:00.000Z,70.516377,70.516377,69.582018,69.730404
ADA,2025-08-25T15:15:00.000Z,0.52466,0.527298,0.50345,0.50345
ALGO,2025-08-25T15:15:00.000Z,0.191124,0.195996,0.189374,0.191318
ATOM,2025-08-25T15:15:00.000Z,11.426003,11.444709,11.092438,11.092438
AVAX,2025-08-25T15:15:00.000Z,25.04939,25.99744,25.04939,25.99744
BTC,2025-08-25T15:15:00.000Z,44697.395996,44945.233739,43915.68231,43915.68231
DOT,2025-08-25T15:15:00.000Z,5.830967,5.830967,5.713356,5.817002
ETH,2025-08-25T15:15:00.000Z,2341.211461,2366.983949,2314.111723,2314.111723
LINK,2025-08-25T15:15:00.000Z,17.883288,18.611557,17.883288,18.367799
MATIC,2025-08-25T15:15:00.000Z,0.64067,0.661112,0.64067,0.661112
SOL,2025-08-25T15:15:00.000Z,69.730404,74.415921,69.730404,74.415921
ADA,2025-08-25T15:30:00.000Z,0.50345,0.50345,0.475879,0.475879
ALGO,2025-08-25T15:30:00.000Z,0.191318,0.196183,0.185562,0.196183
ATOM,2025-08-25T15:30:00.000Z,11.092438,11.092438,10.807784,11.061328
AVAX,2025-08-25T15:30:00.000Z,25.99744,25.99744,24.513297,25.512052
BTC,2025-08-25T15:30:00.000Z,43915.68231,43959.463113,43313.300668,43313.300668
DOT,2025-08-25T15:30:00.000Z,5.817002,6.093427,5.817002,6.093427
ETH,2025-08-25T15:30:00.000Z,2314.111723,2314.111723,2257.706231,2281.758624
LINK,2025-08-25T15:30:00.000Z,18.367799,18.367799,16.951249,16.951249
MATIC,2025-08-25T15:30:00.000Z,0.661112,0.678456,0.661112,0.665458
SOL,2025-08-25T15:30:00.000Z,74.415921,74.656705,72.56234,74.656705
ADA,2025-08-25T15:45:00.000Z,0.475879,0.480646,0.472036,0.472036
ALGO,2025-08-25T15:45:00.000Z,0.196183,0.204834,0.196183,0.204834
ATOM,2025-08-25T15:45:00.000Z,11.061328,11.194354,10.670098,11.194354
AVAX,2025-08-25T15:45:00.000Z,25.512052,25.512052,24.184603,24.184603
BTC,2025-08-25T15:45:00.000Z,43313.300668,43576.432508,42777.307074,43576.432508
DOT,2025-08-25T15:45:00.000Z,6.093427,6.093427,5.921552,5.979747
ETH,2025-08-25T15:45:00.000Z,2281.758624,2322.156627,2281.758624,2307.704893
LINK,2025-08-25T15:45:00.000Z,16.951249,17.499723,16.374489,16.374489
MATIC,2025-08-25T15:45:00.000Z,0.665458,0.700812,0.665458,0.700812
SOL,2025-08-25T15:45:00.000Z,74.656705,74.656705,72.710587,72.710587
ADA,2025-08-25T16:00:00.000Z,0.472036,0.472036,0.458551,0.464055
ALGO,2025-08-25T16:00:00.000Z,0.204834,0.204834,0.198724,0.203628
ATOM,2025-08-25T16:00:00.000Z,11.194354,11.680445,11.194354,11.680445
AVAX,2025-08-25T16:00:00.000Z,24.184603,25.094733,24.060529,24.060529
BTC,2025-08-25T16:00:00.000Z,43576.432508,44675.11925,42726.214001,44675.11925
DOT,2025-08-25T16:00:00.000Z,5.979747,6.078391,5.888368,6.078391
ETH,2025-08-25T16:00:00.000Z,2307.704893,2307.704893,2228.256431,2248.540553
LINK,2025-08-25T16:00:00.000Z,16.374489,16.374489,15.763701,15.763701
MATIC,2025-08-25T16:00:00.000Z,0.700812,0.700812,0.67442,0.694294
SOL,2025-08-25T16:00:00.000Z,72.710587,73.368481,71.542815,72.360833
ADA,2025-08-25T16:15:00.000Z,0.464055,0.48353,0.464055,0.48353
ALGO,2025-08-25T16:15:00.000Z,0.203628,0.204708,0.197103,0.204708
ATOM,2025-08-25T16:15:00.000Z,11.680445,11.680445,11.246339,11.246339
AVAX,2025-08-25T16:15:00.000Z,24.060529,25.147726,24.060529,25.147726
BTC,2025-08-25T16:15:00.000Z,44675.11925,45509.793701,44675.11925,44686.216875
DOT,2025-08-25T16:15:00.000Z,6.078391,6.192913,6.078391,6.192913
ETH,2025-08-25T16:15:00.000Z,2248.540553,2258.945637,2215.52639,2215.52639
LINK,2025-08-25T16:15:00.000Z,15.763701,15.826571,15.682572,15.826571
MATIC,2025-08-25T16:15:00.000Z,0.694294,0.704493,0.67615,0.681619
SOL,2025-08-25T16:15:00.000Z,72.360833,74.866789,72.360833,72.641464
ADA,2025-08-25T16:30:00.000Z,0.48353,0.491675,0.478898,0.478898
ALGO,2025-08-25T16:30:00.000Z,0.204708,0.205953,0.203931,0.205953
ATOM,2025-08-25T16:30:00.000Z,11.246339,11.45472,10.916828,11.45472
AVAX,2025-08-25T16:30:00.000Z,25.147726,26.002358,24.991867,24.991867
BTC,2025-08-25T16:30:00.000Z,44686.216875,46604.162595,44686.216875,46604.162595
DOT,2025-08-25T16:30:00.000Z,6.192913,6.206639,6.043188,6.043188
ETH,2025-08-25T16:30:00.000Z,2215.52639,2289.086997,2215.52639,2289.086997
LINK,2025-08-25T16:30:00.000Z,15.826571,16.333952,15.223005,16.333952
MATIC,2025-08-25T16:30:00.000Z,0.681619,0.72862,0.665431,0.72862
SOL,2025-08-25T16:30:00.000Z,72.641464,75.840585,71.804373,71.804373
ADA,2025-08-25T16:45:00.000Z,0.478898,0.495222,0.478898,0.495222
ALGO,2025-08-25T16:45:00.000Z,0.205953,0.213312,0.203529,0.213312
ATOM,2025-08-25T16:45:00.000Z,11.45472,11.45472,10.782048,10.782048
AVAX,2025-08-25T16:45:00.000Z,24.991867,25.1351,24.563406,24.753115
BTC,2025-08-25T16:45:00.000Z,46604.162595,46776.769365,45634.565118,45634.565118
DOT,2025-08-25T16:45:00.000Z,6.043188,6.043188,5.678349,5.752391
ETH,2025-08-25T16:45:00.000Z,2289.086997,2358.910969,2289.086997,2327.041139
LINK,2025-08-25T16:45:00.000Z,16.333952,16.525938,15.966871,16.525938
MATIC,2025-08-25T16:45:00.000Z,0.72862,0.72862,0.677012,0.677012
SOL,2025-08-25T16:45:00.000Z,71.804373,76.886584,71.804373,74.447175
ADA,2025-08-25T17:00:00.000Z,0.495222,0.495222,0.467546,0.467546
ALGO,2025-08-25T17:00:00.000Z,0.213312,0.213312,0.198049,0.198049
ATOM,2025-08-25T17:00:00.000Z,10.782048,10.91633,10.503005,10.91633
AVAX,2025-08-25T17:00:00.000Z,24.753115,24.884739,24.027887,24.884739
BTC,2025-08-25T17:00:00.000Z,45634.565118,45634.565118,44556.471163,45027.724156
DOT,2025-08-25T17:00:00.000Z,5.752391,5.838784,5.668905,5.668905
ETH,2025-08-25T17:00:00.000Z,2327.041139,2405.782191,2327.041139,2382.666334
LINK,2025-08-25T17:00:00.000Z,16.525938,17.890653,16.525938,17.890653
MATIC,2025-08-25T17:00:00.000Z,0.677012,0.677012,0.656248,0.657944
SOL,2025-08-25T17:00:00.000Z,74.447175,76.724128,74.427016,74.427016
ADA,2025-08-25T17:15:00.000Z,0.467546,0.467546,0.452616,0.463843
ALGO,2025-08-25T17:15:00.000Z,0.198049,0.198049,0.191534,0.196956
ATOM,2025-08-25T17:15:00.000Z,10.91633,11.328261,10.91633,11.103776
AVAX,2025-08-25T17:15:00.000Z,24.884739,26.232747,24.884739,25.831259
BTC,2025-08-25T17:15:00.000Z,45027.724156,45062.824538,43839.112299,43839.112299
DOT,2025-08-25T17:15:00.000Z,5.668905,5.84092,5.567717,5.567717
ETH,2025-08-25T17:15:00.000Z,2382.666334,2444.66799,2382.666334,2444.66799
LINK,2025-08-25T17:15:00.000Z,17.890653,18.878383,17.890653,18.878383
MATIC,2025-08-25T17:15:00.000Z,0.657944,0.657944,0.645868,0.645868
SOL,2025-08-25T17:15:00.000Z,74.427016,74.427016,71.770015,71.770015
ADA,2025-08-25T17:30:00.000Z,0.463843,0.463843,0.449951,0.463066
ALGO,2025-08-25T17:30:00.000Z,0.196956,0.196956,0.183499,0.18665
ATOM,2025-08-25T17:30:00.000Z,11.103776,11.519695,10.959545,11.519695
AVAX,2025-08-25T17:30:00.000Z,25.831259,26.855886,25.639739,25.639739
BTC,2025-08-25T17:30:00.000Z,43839.112299,44385.402824,43617.31292,43797.720752
DOT,2025-08-25T17:30:00.000Z,5.567717,5.567717,5.226981,5.334182
ETH,2025-08-25T17:30:00.000Z,2444.66799,2527.809325,2444.66799,2468.31706
LINK,2025-08-25T17:30:00.000Z,18.878383,19.314062,18.507279,18.507279
MATIC,2025-08-25T17:30:00.000Z,0.645868,0.645868,0.612224,0.612224
SOL,2025-08-25T17:30:00.000Z,71.770015,71.770015,70.237455,70.363873
ADA,2025-08-25T17:45:00.000Z,0.463066,0.466382,0.450804,0.450804
ALGO,2025-08-25T17:45:00.000Z,0.18665,0.18665,0.171409,0.173366
ATOM,2025-08-25T17:45:00.000Z,11.519695,11.519695,10.886175,10.886175
AVAX,2025-08-25T17:45:00.000Z,25.639739,26.657533,25.379753,26.657533
BTC,2025-08-25T17:45:00.000Z,43797.720752,43797.720752,41304.205596,41304.205596
DOT,2025-08-25T17:45:00.000Z,5.334182,5.675686,5.334182,5.675686
ETH,2025-08-25T17:45:00.000Z,2468.31706,2468.31706,2386.862658,2386.862658
LINK,2025-08-25T17:45:00.000Z,18.507279,18.586114,18.288713,18.329748
MATIC,2025-08-25T17:45:00.000Z,0.612224,0.627636,0.598836,0.627636
SOL,2025-08-25T17:45:00.000Z,70.363873,70.363873,66.567816,66.567816
ADA,2025-08-25T18:00:00.000Z,0.450804,0.450947,0.433479,0.435315
ALGO,2025-08-25T18:00:00.000Z,0.173366,0.182895,0.173366,0.182895
ATOM,2025-08-25T18:00:00.000Z,10.886175,11.441398,10.886175,11.441398
AVAX,2025-08-25T18:00:00.000Z,26.657533,28.378466,26.657533,28.378466
BTC,2025-08-25T18:00:00.000Z,41304.205596,41304.205596,39160.122385,39160.122385
DOT,2025-08-25T18:00:00.000Z,5.675686,5.675686,5.254339,5.254339
ETH,2025-08-25T18:00:00.000Z,2386.862658,2386.862658,2320.507608,2320.507608
LINK,2025-08-25T18:00:00.000Z,18.329748,19.545236,18.329748,19.545236
MATIC,2025-08-25T18:00:00.000Z,0.627636,0.672639,0.614985,0.672639
SOL,2025-08-25T18:00:00.000Z,66.567816,66.567816,62.482259,64.982036
ADA,2025-08-25T18:15:00.000Z,0.435315,0.451026,0.43436,0.43436
ALGO,2025-08-25T18:15:00.000Z,0.182895,0.191431,0.182895,0.191431
ATOM,2025-08-25T18:15:00.000Z,11.441398,11.77887,11.402932,11.584436
AVAX,2025-08-25T18:15:00.000Z,28.378466,28.916206,28.146758,28.916206
BTC,2025-08-25T18:15:00.000Z,39160.122385,41052.62229,39160.122385,41052.62229
DOT,2025-08-25T18:15:00.000Z,5.254339,5.331653,5.254339,5.304816
ETH,2025-08-25T18:15:00.000Z,2320.507608,2328.430729,2299.810353,2328.430729
LINK,2025-08-25T18:15:00.000Z,19.545236,19.545236,18.055974,18.055974
MATIC,2025-08-25T18:15:00.000Z,0.672639,0.672639,0.62531,0.641978
SOL,2025-08-25T18:15:00.000Z,64.982036,67.83899,64.982036,67.83899
ADA,2025-08-25T18:30:00.000Z,0.43436,0.451114,0.43436,0.450306
ALGO,2025-08-25T18:30:00.000Z,0.191431,0.199568,0.191431,0.193772
ATOM,2025-08-25T18:30:00.000Z,11.584436,12.127952,11.584436,12.127952
AVAX,2025-08-25T18:30:00.000Z,28.916206,30.369888,28.916206,30.369888
BTC,2025-08-25T18:30:00.000Z,41052.62229,42413.31851,41005.545889,42413.31851
DOT,2025-08-25T18:30:00.000Z,5.304816,5.396931,5.228707,5.228707
ETH,2025-08-25T18:30:00.000Z,2328.430729,2452.296553,2328.430729,2452.296553
LINK,2025-08-25T18:30:00.000Z,18.055974,18.055974,16.960837,17.091033
MATIC,2025-08-25T18:30:00.000Z,0.641978,0.641978,0.599121,0.6
SOL,2025-08-25T18:30:00.000Z,67.83899,68.733019,66.291205,68.025383
ADA,2025-08-25T18:45:00.000Z,0.450306,0.454495,0.43087,0.43087
ALGO,2025-08-25T18:45:00.000Z,0.193772,0.194196,0.191876,0.191876
ATOM,2025-08-25T18:45:00.000Z,12.127952,12.497602,12.006125,12.006125
AVAX,2025-08-25T18:45:00.000Z,30.369888,30.369888,29.303704,30.047756
BTC,2025-08-25T18:45:00.000Z,42413.31851,43473.957851,42413.31851,43028.362442
DOT,2025-08-25T18:45:00.000Z,5.228707,5.44907,5.228707,5.298896
ETH,2025-08-25T18:45:00.000Z,2452.296553,2500.504464,2409.140599,2500.504464
LINK,2025-08-25T18:45:00.000Z,17.091033,17.374848,16.511015,17.374848
MATIC,2025-08-25T18:45:00.000Z,0.6,0.618475,0.588318,0.588318
SOL,2025-08-25T18:45:00.000Z,68.025383,71.777828,68.025383,71.777828
ADA,2025-08-25T19:00:00.000Z,0.43087,0.441539,0.412227,0.412227
ALGO,2025-08-25T19:00:00.000Z,0.191876,0.215078,0.191876,0.215078
ATOM,2025-08-25T19:00:00.000Z,12.006125,12.006125,11.633961,11.643273
AVAX,2025-08-25T19:00:00.000Z,30.047756,30.769575,29.754749,29.869492
BTC,2025-08-25T19:00:00.000Z,43028.362442,43291.693563,42578.81346,42578.81346
DOT,2025-08-25T19:00:00.000Z,5.298896,5.586786,5.298896,5.586786
ETH,2025-08-25T19:00:00.000Z,2500.504464,2633.182105,2500.504464,2633.182105
LINK,2025-08-25T19:00:00.000Z,17.374848,17.900096,17.374848,17.849025
MATIC,2025-08-25T19:00:00.000Z,0.588318,0.617011,0.588318,0.617011
SOL,2025-08-25T19:00:00.000Z,71.777828,71.777828,68.485178,68.485178
ADA,2025-08-25T19:15:00.000Z,0.412227,0.42312,0.411497,0.420817
ALGO,2025-08-25T19:15:00.000Z,0.215078,0.227004,0.215078,0.217113
ATOM,2025-08-25T19:15:00.000Z,11.643273,11.944901,11.537446,11.944901
AVAX,2025-08-25T19:15:00.000Z,29.869492,31.398098,29.869492,31.398098
BTC,2025-08-25T19:15:00.000Z,42578.81346,43856.601996,42578.81346,43427.809874
DOT,2025-08-25T19:15:00.000Z,5.586786,5.692906,5.49857,5.49857
ETH,2025-08-25T19:15:00.000Z,2633.182105,2633.182105,2548.884601,2578.739736
LINK,2025-08-25T19:15:00.000Z,17.849025,19.610498,17.849025,19.610498
MATIC,2025-08-25T19:15:00.000Z,0.617011,0.618648,0.602694,0.602694
SOL,2025-08-25T19:15:00.000Z,68.485178,68.485178,61.972081,61.972081
ADA,2025-08-25T19:30:00.000Z,0.420817,0.434328,0.417933,0.41989
ALGO,2025-08-25T19:30:00.000Z,0.217113,0.220832,0.211884,0.220832
ATOM,2025-08-25T19:30:00.000Z,11.944901,12.04727,11.608922,11.608922
AVAX,2025-08-25T19:30:00.000Z,31.398098,32.170448,30.847146,30.847146
BTC,2025-08-25T19:30:00.000Z,43427.809874,44402.535228,43427.809874,43740.748792
DOT,2025-08-25T19:30:00.000Z,5.49857,5.749801,5.49857,5.594523
ETH,2025-08-25T19:30:00.000Z,2578.739736,2625.247724,2497.1332,2497.1332
LINK,2025-08-25T19:30:00.000Z,19.610498,19.610498,18.950549,18.950549
MATIC,2025-08-25T19:30:00.000Z,0.602694,0.632107,0.602694,0.622663
SOL,2025-08-25T19:30:00.000Z,61.972081,68.327517,61.972081,68.327517
ADA,2025-08-25T19:45:00.000Z,0.41989,0.445045,0.41989,0.445045
ALGO,2025-08-25T19:45:00.000Z,0.220832,0.234967,0.220832,0.234967
ATOM,2025-08-25T19:45:00.000Z,11.608922,11.608922,11.252607,11.252607
AVAX,2025-08-25T19:45:00.000Z,30.847146,32.591109,30.847146,31.905827
BTC,2025-08-25T19:45:00.000Z,43740.748792,44323.758895,43734.617818,44323.758895
DOT,2025-08-25T19:45:00.000Z,5.594523,5.665385,5.529611,5.665385
ETH,2025-08-25T19:45:00.000Z,2497.1332,2497.821731,2438.92652,2449.299441
LINK,2025-08-25T19:45:00.000Z,18.950549,19.518846,18.400275,18.400275
MATIC,2025-08-25T19:45:00.000Z,0.622663,0.646669,0.622663,0.641105
SOL,2025-08-25T19:45:00.000Z,68.327517,69.904334,67.349549,69.494044
